,Course Code,Course,R1 Points_2020,EOS_2020,Mid_2020
0,AC120,International Business,209,209,280
1,AC137,Liberal Arts,252,252,270
2,AD101,"First Year Art & Design (Common Entry,portfolio)",#+matric,#+matric,#+matric
3,AD102,Graphic Design and Moving Image Design (portfolio),#+matric,#+matric,#+matric
4,AD103,Textile & Surface Design and Jewellery & Objects (portfolio),#+matric,#+matric,#+matric
5,AD202,"Education & Design or Fine Art (Second Level Teaching,portfolio))",#+matric,#+matric,#+matric
6,AD204,Fine Art (portfolio),#+matric,#+matric,#+matric
7,AD211,Fashion Design (portfolio),#+matric,#+matric,#+matric
8,AD212,Product Design (portfolio),#+matric,#+matric,#+matric
9,AD215,Visual Culture,377,320,389
10,AD217,Illustration (portfolio),#+matric,#+matric,#+matric
11,AD222,Interaction Design (portfolio),#+matric,#+matric,#+matric
12,AL600,Software Design,AQA,104,279
13,AL601,Computer Engineering,AQA,112,192
14,AL602,Mechanical Engineering,AQA,260,424
15,AL604,Civil Engineering,AQA,AQA,244
16,AL605,Music and Instrument Technology,AQA,154,306
17,AL630,Pharmacy Technician,295,295,379
18,AL631,Dental Nursing,300,298,388
19,AL632,Applied Science,234,234,434
20,AL650,Business,207,207,326
21,AL660,Culinary Arts,AQA,112,270
22,AL661,Bar Supervision,AQA,101,241
23,AL663,Business (Sport and Recreation),AQA,120,262
24,AL701,Computer Engineering with Network Infrastructure,216,216,337
25,AL702,Software Design with Artificial Intelligence for Cloud Computing,214,214,338
26,AL703,Software Design with Virtual Reality and Gaming,216,224,337
27,AL704,Computer Engineering,204,204,403
28,AL705,Software Design with Mobile Apps and Connected Devices,216,216,337
29,AL710,Mechanical Engineering,223,223,337
30,AL711,Mechanical Engineering and Renewable Energy,228,228,369
31,AL712,Automation and Robotics,252,252,379
32,AL713,Engineering (Common Entry to Mechanical/Renewable/Mechatronic Eng),218,218,402
33,AL718,Music and Sound Engineering,214,216,339
34,AL721,Civil Engineering,233,233,357
35,AL730,Biotechnology,250,250,402
36,AL731,Veterinary Nursing,400,400,456
37,AL734,Pharmaceutical Sciences (Drug Development and Analysis),244,244,359
38,AL740,Exercise and Health Science,250,250,367
39,AL751,Digital Marketing,241,241,318
40,AL752,Business,225,225,397
41,AL761,Hotel and Leisure Management,208,208,309
42,AL763,Graphic Design (portfolio),781,781,858
43,AL764,Early Years Care and Education,260,260,398
44,AL765,Applied Social Studies in Social Care,280,280,358
45,AL801,Software Design with Virtual Reality and Gaming,303,303,367
46,AL802,Software Design with Artificial Intelligence for Cloud Computing,332,332,382
47,AL803,Software Design with Mobile Apps and Connected Devices,337,337,360
48,AL805,Computer Engineering with Network Infrastructure,333,333,360
49,AL810,Quantity Surveying,319,326,352
50,AL811,Civil Engineering,320,320,432
51,AL820,Mechanical and Polymer Engineering,308,308,379
52,AL830,General Nursing,442,442,463
53,AL832,Psychiatric Nursing,387,384,399
54,AL836,Nutrition and Health Science,334,334,379
55,AL837,Sports Science with Exercise Physiology,351,351,384
56,AL838,Biotechnology,307,307,356
57,AL839,Microbiology,325,325,393
58,AL840,Pharmaceutical Sciences,347,347,403
59,AL841,Athletic and Rehabilitation Therapy,430,430,465
60,AL842,Bioveterinary Science,313,313,383
61,AL843,Physical Activity and Health Science,306,306,326
62,AL850,Business,309,309,377
63,AL851,Business and Law,295,295,351
64,AL852,Accounting,309,309,422
65,AL854,Sport Management (with international placement),302,299,338
66,AL855,Hospitality Management (with international placement),308,308,347
67,AL857,Digital Marketing,304,304,332
68,AL860,Social Care Practice,300,300,348
69,AL861,Animation and Illustration (portfolio),578,578,878
70,AL863,Graphic and Digital Design (portfolio),781,781,824
71,AL864,Early Years Care and Education,307,307,346
72,AL870,Applied Psychology,418,418,444
73,AS001,"Education, Home Economics and Biology - with concurrent Teacher Ed",510,518,544
74,AS002,"Education, Home Economics and Religious Ed - with concurrent Teacher Ed",441,434,466
75,AS003,"Education, Home Economics and Irish - with concurrent Teacher Ed",440,440,484
76,AS051,"Nutrition, Food and Business Management",328,317,398
77,AS054,Home Economics,408,398,429
78,AS110,General Nursing,419,419,431
79,AS130,Intellectual Disability Nursing,336,317,339
80,CI001,Counselling Skills and Psychotherapy Studies,300,300,440
81,CI002,Counselling Skills and Addiction Studies,309,309,367
82,CI005,Counselling Skills and Youth Studies,306,302,451
83,CI110,Counselling and Psychotherapy,310,310,392
84,CI111,Counselling and Addiction Studies,301,301,319
85,CI112,Counselling and Youth Studies,311,311,311
86,CK101,Arts - 3 years,300,300,388
87,CK102,Social Science,412,412,451
88,CK104,Arts with Music - 3 or 4 years (BMus or Chinese/European/Int`l Pathway),302,302,435
89,CK105,Film and Screen Media - 3 years or 4 years (International Pathway),368,319,418
90,CK107,Geographical and Archaeological Sciences - 3 or 4 years (Int`l Pathway),328,328,388
91,CK108,Arts International - 4 years,401,401,466
92,CK109,English - 3 years or 4 years (International Pathway),318,318,441
93,CK110,World Languages,452,410,506
94,CK111,Early Years and Childhood Studies,419,419,451
95,CK112,Theatre and Performative Practices - 3 or 4 years (Int`l Pathway),330,330,434
96,CK113,Criminology - 3 years or 4 years (International Pathway),423,423,463
97,CK114,Social Science (Youth and Community Work) - 3 years,,777,
98,CK115,Social Work - Mature Applicants only,,999,
99,CK118,Digital Humanities and IT - 3 or 4 years (Work Exper. or Int`l Pathway),336,336,378
100,CK120,Applied Psychology,533,531,555
101,CK121,Psychology and Computing - 3 or 4 years (Work Experience Pathway),466,466,496
102,CK122,Government and Political Science,337,326,403
103,CK123,Anthropology,308,308,410
104,CK124,Education - Gaeilge,463,452,495
105,CK125,Sports Studies and Physical Education,510,509,532
106,CK201,Commerce,477,477,509
107,CK202,Accounting,509,509,542
108,CK203,Business Information Systems,430,430,467
109,CK204,Finance,556,556,590
110,CK205,Commerce (International) with French,445,445,495
111,CK206,Commerce (International) with German,420,418,476
112,CK207,Commerce (International) with Italian,388,388,455
113,CK208,Commerce (International) with Hispanic Studies,402,402,484
114,CK209,Commerce (International) with Irish,484,484,531
115,CK211,Commerce (International) with Chinese Studies,397,397,433
116,CK212,Economics (through Transformational Learning) 3 or 4 years Int`l Pathway,444,444,473
117,CK213,Food Marketing and Entrepreneurship,462,462,476
118,CK214,International Development,346,346,422
119,CK301,Law (Pathways) -  3 or 4 years,507,498,531
120,CK302,Law and French,542,542,576
121,CK304,Law and Irish,540,540,565
122,CK307,Law and Business,556,556,589
123,CK401,Computer Science,468,468,509
124,CK402,Biological and Chemical Sciences,510,509,532
125,CK404,"Biological, Earth and Environmental Sciences",467,465,498
126,CK405,Genetics,487,487,498
127,CK406,Chemical Sciences,485,462,494
128,CK407,Mathematical Sciences,566,565,601
129,CK408,Physics and Astrophysics,554,531,589
130,CK409,Industrial Physics - Offered jointly by UCC and CIT,432,432,499
131,CK411,Data Science and Analytics,510,509,554
132,CK412,Agricultural Science,496,489,510
133,CK504,Nutritional Sciences,518,517,554
134,CK505,Food Science,441,420,465
135,CK600,Engineering,487,487,532
136,CK606,Architecture - Offered jointly by UCC and CIT,484,469,510
137,CK701,Medicine (Undergraduate Entry - HPAT required),731,731,739
138,CK702,Dentistry,613,613,613
139,CK703,Pharmacy,590,589,602
140,CK704,Occupational Therapy,566,555,577
141,CK705,Speech and Language Therapy,520,520,541
142,CK706,Public Health Sciences,454,454,477
143,CK707,Medical and Health Sciences,542,541,555
144,CK710,General Nursing,454,454,477
145,CK712,Children`s and General Nursing (Integrated),533,533,553
146,CK720,Mental Health Nursing,423,419,440
147,CK730,Intellectual Disability Nursing,419,400,433
148,CK740,Midwifery,484,473,507
149,CK791,Medicine  - Graduate Entry (GAMSAT required),57,57,58
150,CM001,Education - Primary Teaching,484,484,487
151,CM002,Education - Primary Teaching - Gaeltacht Applicants,,,
152,CM003,Oideachas - Bunmhúinteoireacht Trí Mheán na Gaeilge – Gaeltacht,528,528,570
153,CM004,Oideachas - Bunmhúinteoireacht Trí Mheán na Gaeilge – Gaeltacht,494,494,513
154,CM010,Education Studies,319,317,407
155,CM020,Early Childhood Education,327,327,390
156,CR001,Applied Physics and Instrumentation,250,250,487
157,CR006,Applied Biosciences,361,361,489
158,CR007,Analytical and Pharmaceutical Chemistry,240,240,487
159,CR010,Agriculture (Year 1 - 2 days in Clonakilty Agri College & 3 days in CIT),321,321,422
160,CR016,Software Development,307,307,413
161,CR021,Business (Common Entry),255,255,433
162,CR022,Business Administration,190,190,336
163,CR031,Social Care Work,346,346,411
164,CR032,Recreation and Leisure Management,298,298,378
165,CR035,Community Development,100,100,251
166,CR041,Tourism Management,216,216,399
167,CR042,Hospitality Management,208,208,316
168,CR046,Automotive Technology and Management,216,216,337
169,CR051,Civil Engineering,248,248,451
170,CR052,Construction,251,251,367
171,CR053,Interior Architecture,308,308,434
172,CR055,Environmental Engineering,258,258,409
173,CR061,Electronic Engineering,260,260,444
174,CR062,Electrical Engineering,300,300,401
175,CR071,Mechanical Engineering,261,261,444
176,CR075,Biomedical Engineering,306,306,498
177,CR090,Architectural Technology,266,266,411
178,CR094,Nautical Science at National Maritime College of Ireland,243,243,380
179,CR095,Marine Engineering at National Maritime College of Ireland,255,255,389
180,CR105,Chemical and Biopharmaceutical Engineering,443,443,532
181,CR106,Software Development,411,411,463
182,CR108,Mechanical Engineering,434,434,509
183,CR109,Structural Engineering,394,394,423
184,CR110,Automotive Business Management and Technology,311,311,362
185,CR112,Creative Digital Media,361,361,430
186,CR116,Computer Systems,332,332,393
187,CR121,Music at CIT Cork School of Music,868,912,1078
188,CR125,Popular Music: Electric Bass Guitar at CIT Cork School of Music,1088,1088,1088
189,CR126,Popular Music: Drums at CIT Cork School of Music,801,801,940
190,CR127,Popular Music: Electric Guitar at CIT Cork School of Music,838,768,978
191,CR128,Popular Music: Keyboards at CIT Cork School of Music,840,840,881
192,CR129,Popular Music: Voice at CIT Cork School of Music,841,841,966
193,CR130,Musical Theatre at CIT Cork School of Music,548,505,600
194,CR150,Business Information Systems,335,335,391
195,CR210,"Contemporary Applied Art (Ceramics, Glass, Textiles) at CIT Crawford",#+matric,#+matric,#+matric
196,CR220,Fine Art at CIT Crawford College of Art and Design,#+matric,#+matric,#+matric
197,CR225,Photography with New Media,#+matric,#+matric,#+matric
198,CR300,Physical Sciences (Common Entry),282,282,476
199,CR305,Physical Sciences (Common Entry),282,282,356
200,CR310,IT Management,297,297,339
201,CR320,Biomedical Science - Offered jointly by CIT and UCC,565,565,577
202,CR325,Pharmaceutical Biotechnology,398,398,440
203,CR333,Nutrition and Health Science,402,402,433
204,CR335,Biological Sciences (Common Entry),420,420,451
205,CR340,Analytical Chemistry with Quality Assurance,251,251,366
206,CR360,Instrument Engineering,261,261,388
207,CR365,Environmental Science and Sustainable Technology,253,253,341
208,CR370,Agri-Biosciences,397,397,453
209,CR400,Accounting,316,316,413
210,CR420,Marketing,285,285,346
211,CR425,International Business with Language,298,298,412
212,CR430,Sport and Exercise Management,322,322,407
213,CR440,Montessori Education,288,288,362
214,CR500,Engineering (Common Entry),411,411,465
215,CR510,Sustainable Energy Engineering,320,320,389
216,CR520,Biomedical Engineering,444,444,488
217,CR560,Architectural Technology,308,308,377
218,CR565,Interior Architecture,359,359,423
219,CR570,Quantity Surveying,336,336,392
220,CR572,Construction Management,269,269,318
221,CR580,Electrical Engineering,318,318,377
222,CR590,Electronic Engineering,303,303,379
223,CR600,Visual Communications,#+matric,#+matric,#+matric
224,CR620,Early Childhood Education and Care,365,357,454
225,CR640,Culinary Arts,244,244,392
226,CR650,Beverage Industry Management,209,209,316
227,CR655,Culinary Studies,189,189,290
228,CR657,Hospitality Studies,180,163,198
229,CR660,Tourism Management,252,252,325
230,CR700,Theatre and Drama Studies at CIT Cork School of Music,740,645,982
231,CR805,Marine Electrotechnology at National Maritime College of Ireland,235,235,326
232,CR888,Information Technology,290,290,372
233,CT110,Computing in Information Technology,210,210,400
234,CT116,Information Technology,219,219,263
235,CT125,Information Technology,220,220,299
236,CT325,Business,338,281,338
237,CW006,Business,AQA,AQA,254
238,CW018,Business (options),298,248,312
239,CW027,Sustainable Farm Management and Agribusiness,266,268,360
240,CW028,Early Childhood Education and Care,252,252,301
241,CW037,Business (options),195,195,400
242,CW038,Art (portfolio),700,700,700
243,CW047,Visual Communications and Design,214,181,336
244,CW057,Art (portfolio),700,700,700
245,CW058,Tourism and Event Management,298,298,348
246,CW068,Applied Social Studies in Professional Social Care,245,245,292
247,CW077,Tourism and Event Management,217,217,311
248,CW078,Sustainable Farm Management and Agribusiness,269,269,327
249,CW088,Visual Communications and Design,274,274,340
250,CW106,Physiology and Health Science,451,451,509
251,CW107,Analytical Science,277,277,445
252,CW108,Science (options),261,261,346
253,CW116,Pharmacy Technician Studies,250,250,388
254,CW117,Biosciences,205,205,380
255,CW126,Science - Applied Biology or Applied Chemistry,191,191,424
256,CW128,Brewing and Distilling,263,263,318
257,CW138,Sport and Exercise Science,423,423,444
258,CW148,Strength and Conditioning,379,379,400
259,CW188,Sport Rehabilitation and Athletic Therapy,451,448,466
260,CW206,Computing - Applications or Programming,235,235,369
261,CW207,Software Development,244,244,329
262,CW208,Computer Games Development,279,279,327
263,CW217,Information Technology Management,234,234,377
264,CW227,Cybercrime and IT Security,233,242,357
265,CW237,Computing in Interactive Digital Art and Design,212,212,337
266,CW238,Software Development,297,297,341
267,CW248,Information Technology Management,285,285,385
268,CW258,Cybercrime and IT Security,293,293,358
269,CW268,Computing in Interactive Digital Art and Design,287,287,369
270,CW407,Architectural Technology,188,188,358
271,CW417,Construction Management with Building Services,220,220,322
272,CW427,Civil Engineering,199,199,347
273,CW438,Construction (options),272,272,336
274,CW468,Architectural Technology,262,262,358
275,CW478,Civil Engineering,433,433,492
276,CW507,Aircraft Systems,293,294,399
277,CW517,Mechanical Engineering,276,276,371
278,CW527,Electronic Engineering,227,227,357
279,CW547,TV and Media Production,301,301,413
280,CW548,Mechanical Engineering,321,321,371
281,CW558,Electronic Systems,280,280,361
282,CW568,Aerospace Engineering,380,380,442
283,CW578,TV and Media Production,325,325,420
284,CW706,Legal Studies,163,163,377
285,CW707,Industrial Design,207,207,380
286,CW708,Law - LLB,302,302,349
287,CW717,Professional Social Care Practice,288,288,347
288,CW728,Product Design Innovation,252,252,359
289,CW748,Early Childhood Education and Care,270,270,327
290,CW758,Professional Social Care Practice,336,336,358
291,CW807,Sport Coaching and Business Management - GAA (portfolio),700,700,700
292,CW808,Media and Public Relations,251,251,298
293,CW817,Sport Coaching and Business Management - Rugby (portfolio),700,700,700
294,CW827,Sport Coaching and Business Management - Soccer (portfolio),700,700,700
295,CW837,Digital Marketing with Analytics,200,200,356
296,CW848,Digital Marketing with Analytics,254,269,326
297,CW858,"Sports Management and Coaching (options, portfolio)",700,700,700
298,CW906,Business,177,177,297
299,CW908,Business (options),280,280,357
300,CW917,Business (options),224,224,378
301,CW926,Business with Law,210,210,409
302,CW936,Accounting,231,231,403
303,CW938,Business with Law,283,283,301
304,CW948,Accounting,300,300,364
305,DB500,Computing,218,218,301
306,DB501,Computing (Cloud Computing),227,227,280
307,DB502,Computing (Data Analytics and Big Data),341,334,377
308,DB503,Computing (Software Development),225,225,281
309,DB504,Computing (Web and Mobile Technology),,281,281
310,DB510,Audio Production and Music Project Management,234,223,290
311,DB512,Business Studies,218,203,308
312,DB514,Business Studies (Law),252,251,270
313,DB515,Business Studies (Human Resource Management),244,244,326
314,DB516,Financial Services,,,
315,DB517,Marketing (Event Management),238,238,309
316,DB521,Accounting and Finance,225,195,318
317,DB524,Business (Information Systems),342,309,409
318,DB526,Business (Cloud Computing),347,347,423
319,DB527,Applied Social Care,234,234,306
320,DB528,Applied Social Care,AQA,AQA,337
321,DB531,Marketing,293,293,336
322,DB534,Sound Engineering and Music Production,AQA,AQA,338
323,DB562,Psychology,243,229,322
324,DB563,Arts,161,161,357
325,DB566,Social Science,220,220,290
326,DB567,Film and Creative Media,218,202,290
327,DB568,Law,219,217,309
328,DB569,Business (Psychology),252,252,284
329,DB571,Business Studies,173,122,398
330,DB572,Business in Accounting,119,117,368
331,DB573,Business in Marketing,117,117,388
332,DB574,Business in Information Technology,136,136,388
333,DB576,Film and Creative Media,AQA,AQA,338
334,DC001,Education - Early Childhood Education,440,440,462
335,DC002,Education - Primary Teaching,488,488,520
336,DC003,Education - Primary Teaching - Gaeltacht Applicants,445,445,462
337,DC004,Education - Primary Teaching (Church of Ireland Centre formerly CICE),411,409,463
338,DC009,Arts (Joint Honours) - Humanities,376,376,423
339,DC010,Post Primary Teacher Education - Religious Education and English,441,429,465
340,DC011,Post Primary Teacher Education - Religious Education and History,412,391,429
341,DC012,Post Primary Teacher Education - Religious Education and Music,378,378,420
342,DC013,Post Primary Teacher Ed - Gaeilge with French/German/Spanish,419,419,487
343,DC014,BA in Jazz and Contemporary Music Performance (audition),419,419,605
344,DC110,Business Studies International,465,465,488
345,DC111,Business Studies,488,488,507
346,DC112,Global Business (France),517,510,532
347,DC113,Global Business (Germany),462,462,496
348,DC114,Global Business (Spain),522,522,545
349,DC115,Accounting and Finance,510,510,544
350,DC116,Global Business (USA),579,579,601
351,DC117,Aviation Management / Aviation Management with Pilot Studies,476,475,500
352,DC118,Gnó agus Gaeilge / Business and Irish,359,359,429
353,DC119,Global Business (Canada),564,564,577
354,DC120,Enterprise Computing,357,357,392
355,DC121,Computer Applications,400,400,455
356,DC123,Data Science,465,465,531
357,DC126,Actuarial Mathematics,560,560,578
358,DC127,Common Entry into Actuarial and Financial Mathematics,532,520,543
359,DC131,Communication Studies,407,402,451
360,DC132,Journalism,429,422,466
361,DC133,Multimedia,411,410,451
362,DC155,Applied Language and Translation Studies,387,387,444
363,DC161,Analytical Science,498,489,510
364,DC162,Chemical and Pharmaceutical Sciences,521,521,544
365,DC166,Environmental Science and Technology,433,399,441
366,DC168,Genetics and Cell Biology,512,510,529
367,DC175,Physics General Entry (options),419,402,467
368,DC181,Biotechnology,499,495,511
369,DC190,Electronic and Computer Engineering (with choice of four majors),413,413,465
370,DC193,Mechatronic Engineering,411,411,487
371,DC195,Mechanical and Manufacturing Engineering,425,425,487
372,DC197,Biomedical Engineering,423,423,477
373,DC200,Common Entry into Engineering (Undenominated Entry),422,422,487
374,DC201,Common Entry into Science (Undenominated Entry),498,488,499
375,DC202,Sport Science and Health,500,498,521
376,DC203,Science Education,435,435,487
377,DC204,Athletic Therapy and Training,522,519,533
378,DC205,Physical Education with Biology,531,531,553
379,DC206,Physical Education with Mathematics,499,499,520
380,DC208,Psychology,532,521,533
381,DC209,Health and Society,465,440,466
382,DC215,General Nursing,454,433,462
383,DC216,Mental Health Nursing,418,403,424
384,DC217,Intellectual Disability Nursing,370,370,390
385,DC218,Children`s and General Nursing (Integrated),500,498,522
386,DC230,"Economics, Politics and Law",435,435,462
387,DC231,International Relations,397,397,433
388,DC232,Law and Society (BCL),466,466,496
389,DC235,Education and Training - Daytime and Flexible Delivery Mode (full-time),309,309,357
390,DC238,Social Sciences and Cultural Innovation,377,377,411
391,DC239,"Gaeilge, Iriseoireacht agus na Meáin Dhigiteacha",430,430,473
392,DC240,"Marketing, Innovation and Technology",476,474,498
393,DC291,Arts (Joint Honours) - Media Studies,376,376,409
394,DC292,Arts (Joint Honours) - Law,403,403,430
395,DC293,Arts (Joint Honours) - International Languages,377,377,466
396,DC295,Arts (Joint Honours) - Politics,376,376,409
397,DK710,Business and Management,120,120,352
398,DK711,Business and Technology,191,191,327
399,DK712,Digital Marketing and Public Relations,100,100,349
400,DK721,Computing,106,106,326
401,DK722,Augmented and Virtual Reality,144,144,348
402,DK730,Building Surveying,165,165,330
403,DK731,Architectural Technology,332,332,392
404,DK732,Construction Management,120,120,321
405,DK740,Engineering - Electrical and Electronic Systems,179,179,339
406,DK742,Engineering - Mechanical Engineering,166,166,312
407,DK744,Engineering - Civil Engineering,190,157,341
408,DK750,Hospitality Management,176,176,279
409,DK752,Event Management,175,175,347
410,DK753,Culinary Arts,182,182,387
411,DK763,"Sport, Exercise and Enterprise",233,225,329
412,DK767,Community Youth Work (interview),240,240,330
413,DK768,Audio and Music Production,261,261,361
414,DK769,Creative Media,165,165,318
415,DK770,Theatre & Film Practice,190,190,388
416,DK771,Musical Theatre (audition),,,
417,DK781,Science - Bioscience,358,208,381
418,DK783,Science - Pharmaceutical Science,349,210,362
419,DK784,Veterinary Nursing,399,399,445
420,DK810,Accounting and Finance,305,305,401
421,DK816,Business Studies,300,300,367
422,DK820,Computing in Games Development,311,311,348
423,DK821,Computing in Software Development,302,302,361
424,DK822,Augmented and Virtual Reality,307,304,380
425,DK830,Building Surveying,336,336,352
426,DK831,Architectural Technology,389,389,433
427,DK832,Construction Management,387,387,419
428,DK843,Engineering (Common Entry),340,340,439
429,DK844,Mechanical Engineering,305,305,448
430,DK845,Electrical & Electronic Engineering,304,304,392
431,DK846,Civil Engineering,391,361,392
432,DK850,International Tourism Management,317,317,377
433,DK860,Music (audition),532,503,634
434,DK861,Arts,302,302,363
435,DK862,Social Care,301,301,347
436,DK863,Creative Media,308,308,337
437,DK864,Film and Television Production,300,300,402
438,DK865,Audio and Music Production,301,301,367
439,DK870,General Nursing,403,397,419
440,DK872,Intellectual Disability Nursing,336,336,358
441,DK874,Mental Health Nursing,356,356,379
442,DK876,Early Childhood Studies,321,321,388
443,DK877,Midwifery,440,440,470
444,DK880,Health and Physical Activity,328,328,389
445,DK882,Agriculture (Award options),310,310,380
446,DK883,Science (Award options),358,300,370
447,DK884,Sustainable Agriculture,,,
448,DK885,Agri-Food Production,,,
449,DK886,Biopharmaceutical Science,301,301,338
450,DK887,Environmental Science,330,330,589
451,DL701,Business - Applied Entrepreneurship,AQA,AQA,359
452,DL821,"English, Media and Cultural Studies",212,212,347
453,DL822,Arts Management,229,235,337
454,DL823,Business Management,235,237,325
455,DL825,Applied Psychology,379,379,434
456,DL826,Visual Communication Design,855,855,1024
457,DL827,Art,572,572,941
458,DL828,"3D Design, Modelmaking and Digital Art",506,538,920
459,DL829,Design for Stage and Screen (Costume Design),593,593,947
460,DL830,Design for Stage and Screen (Character Makeup Design),939,939,968
461,DL831,Design for Stage and Screen (Production Design),781,781,1026
462,DL832,Animation,920,920,1022
463,DL833,Photography,650,667,854
464,DL834,Film and Television Production,990,990,1040
465,DL836,Creative Computing,219,219,300
466,DL837,New Media Studies,201,201,316
467,DL838,Creative Music Production,754,754,972
468,DL839,Interaction and User Experience Design,683,683,990
469,DL840,Digital Marketing,228,228,327
470,DL841,English and Equality Studies,276,276,341
471,DN100,Architecture,510,510,541
472,DN120,Landscape Architecture,407,407,453
473,DN130,City Planning and Environmental Policy,407,390,432
474,DN150,Engineering (Common Entry),531,520,565
475,DN200,Science (options),533,533,567
476,DN201,Computer Science (Common Entry),510,510,542
477,DN230,Actuarial and Financial Studies,601,601,613
478,DN240,Sustainability,440,440,498
479,DN250,Agricultural Science (options),456,453,488
480,DN252,Dairy Business,410,410,455
481,DN253,Agri - Environmental Sciences,418,413,443
482,DN261,Food Science,477,476,495
483,DN262,Human Nutrition,531,531,553
484,DN271,Forestry,311,311,359
485,DN272,"Horticulture, Landscape and Sportsturf Management",297,282,378
486,DN300,Veterinary Medicine - Undergraduate Entry,589,589,602
487,DN301,Veterinary Medicine - Graduate Entry (GAMSAT required),,#,
488,DN310,Veterinary Nursing,478,466,489
489,DN400,Medicine - Undergraduate Entry (HPAT required),737,736,748
490,DN401,Medicine - Graduate Entry (GAMSAT required),,58,61
491,DN410,Radiography,534,531,543
492,DN411,Radiography - Graduate Entry,,#,
493,DN420,Physiotherapy,578,568,589
494,DN425,Health and Performance Science,510,507,521
495,DN430,Sport and Exercise Management,455,433,455
496,DN440,"Biomedical, Health and Life Sciences",590,589,601
497,DN450,General Nursing,429,421,445
498,DN451,Children`s and General Nursing (Integrated),509,499,529
499,DN452,Midwifery,489,473,499
500,DN453,Mental Health Nursing,397,393,412
501,DN520,Joint Honours (options),310,310,409
502,DN530,Humanities (options),340,326,419
503,DN541,Modern Languages (options),303,300,443
504,DN600,Law (options),546,543,566
505,DN610,Business and Law,545,544,577
506,DN650,Commerce,521,521,543
507,DN660,Commerce International (options),517,510,531
508,DN670,Economics and Finance,613,613,625
509,DN700,Social Sciences (options),421,418,466
510,DN710,Economics,498,498,510
511,DN720,Psychology,530,522,543
512,DN750,Social Policy and Sociology,378,377,408
513,DS602,Computing and Multimedia (Level 6 - Higher Certificate),,198,367
514,DS603,Computing and Multimedia (Level 6 - Certificate),,423,523
515,DS701,Business,,299,299
516,DS702,Computing and Multimedia (Level 7),,290,413
517,GA160,Business,163,163,278
518,GA170,Business,250,250,420
519,GA171,Business Information Systems,250,250,367
520,GA172,Rural Enterprise and Agri-Business,277,277,382
521,GA174,Marketing and Sales,281,282,377
522,GA175,Finance,278,278,467
523,GA176,Business with Entrepreneurship,278,278,411
524,GA181,Accounting,309,309,403
525,GA182,Business,287,287,347
526,GA183,Business Information Systems,296,296,356
527,GA184,Marketing and Sales,307,307,357
528,GA185,Finance and Economics,293,293,392
529,GA186,Business with Entrepreneurship,280,280,356
530,GA187,Rural Enterprise and Agri-Business,281,281,352
531,GA272,Heritage Studies,188,188,363
532,GA273,Contemporary Art,702,702,892
533,GA274,Design,251,251,378
534,GA281,Film and Documentary,304,304,379
535,GA282,Heritage Studies,220,220,281
536,GA283,Contemporary Art,679,679,870
537,GA284,Design,303,303,356
538,GA285,"Education (Art, Design and Graphics)",,,
539,GA360,Business in Tourism,172,172,260
540,GA361,Culinary Arts,193,193,375
541,GA362,Hotel and Hospitality Operations,240,228,330
542,GA364,Heritage Studies,252,252,369
543,GA370,Hotel and Catering Management,198,198,362
544,GA376,Event Management with Public Relations,206,187,348
545,GA377,International Tourism Management,172,172,360
546,GA378,Culinary and Gastronomic Science,219,219,432
547,GA380,International Hotel Management,242,242,330
548,GA381,International Tourism Management,278,278,350
549,GA382,Culinary and Gastronomic Science,206,206,337
550,GA384,Event Management with Public Relations,212,212,328
551,GA470,Construction Management,244,243,349
552,GA471,Quantity Surveying and Construction Economics,200,200,347
553,GA472,Architectural Technology,226,226,367
554,GA473,Civil Engineering,241,241,432
555,GA480,Construction Management,260,260,336
556,GA482,Quantity Surveying and Construction Economics,288,288,350
557,GA483,Architectural Technology,265,265,337
558,GA484,Civil Engineering,290,290,383
559,GA570,Software and Electronic Engineering,224,224,399
560,GA580,Software and Electronic Engineering,300,300,393
561,GA670,Mechanical Engineering,265,265,413
562,GA673,Energy Engineering,260,260,452
563,GA674,Biomedical Engineering,298,298,455
564,GA675,Agricultural Engineering,298,298,386
565,GA676,Engineering (Common Entry to Manu/Agri/Biomed/Energy/Mech Eng),290,290,465
566,GA677,Manufacturing Engineering Design,235,235,379
567,GA680,Mechanical Engineering,330,330,401
568,GA681,Energy Engineering,293,293,366
569,GA682,Biomedical Engineering,313,313,393
570,GA683,Agricultural Engineering,309,309,385
571,GA684,Engineering (Common entry to Agri/Biomed/Energy/Mech Eng),340,340,405
572,GA685,Manufacturing Engineering Design,309,309,379
573,GA770,Applied Freshwater and Marine Biology,280,280,388
574,GA771,Applied Biology and Biopharmaceutical Science,280,280,465
575,GA772,Chemical and Pharmaceutical Science,280,280,487
576,GA773,Physics and Instrumentation,299,299,521
577,GA774,Science (Undenominated),289,289,490
578,GA775,Computing in Software Development,260,260,356
579,GA776,Computing and Digital Media,241,241,381
580,GA777,Agriculture and Environmental Management,281,281,393
581,GA780,Applied Freshwater and Marine Biology,327,327,377
582,GA781,Applied Biology and Biopharmaceutical Science,337,337,390
583,GA782,Chemical and Pharmaceutical Science,336,336,388
584,GA783,Physics and Instrumentation,363,363,408
585,GA784,Science (Undenominated),372,372,403
586,GA785,Medical Science,473,473,500
587,GA786,Forensic Science and Analysis,317,317,387
588,GA787,Computing in Software Development,270,270,315
589,GA788,Computing and Digital Media,274,282,356
590,GA789,Agriculture and Environmental Management,287,289,371
591,GA790,Sport and Exercise Science,356,356,409
592,GA791,Public Health Nutrition,368,368,409
593,GA862,History & Geography,178,178,382
594,GA864,Early Childhood Education and Care,214,204,357
595,GA870,Outdoor Education and Leisure,182,171,399
596,GA871,Early Childhood Education and Care,190,190,367
597,GA872,Culture and Environment,196,196,328
598,GA879,Applied Social Care,244,244,337
599,GA880,General Nursing,429,422,441
600,GA882,Psychiatric Nursing,367,367,377
601,GA885,Outdoor Education,252,252,262
602,GA887,History and Geography,244,244,380
603,GA889,Applied Social Care,266,266,298
604,GA890,Early Childhood Education and Care,270,270,327
605,GA891,Geography and Outdoor Education,244,244,391
606,GA974,"Furniture Design, Making and Technology - Common Entry",214,214,388
607,GA980,Education (Design Graphics and Construction),377,377,411
608,GA984,"Furniture Design, Making and Technology - Common Entry",284,284,369
609,GB001,Business,,115,415
610,GC200,Business Studies,252,252,369
611,GC201,Accounting and Finance,303,303,388
612,GC230,Computing Science,335,325,393
613,GC250,Communications and Media Production,,,
614,GC300,Business Studies,429,390,432
615,GC301,Accounting & Finance,253,253,346
616,GC302,Business Studies - HRM,,,
617,GC305,International Hospitality Management,253,253,253
618,GC306,International Hospitality Management,253,253,253
619,GC335,Computing,217,195,235
620,GC400,Business Studies,248,248,281
621,GC401,Accounting and Finance,240,202,343
622,GC402,Business Studies (HRM),264,218,236
623,GC403,Law,244,228,328
624,GC407,Business Studies (Marketing),280,218,321
625,GC410,Marketing,145,145,371
626,GC411,Business,135,135,370
627,GC430,Computing Science,252,220,298
628,GC435,Computing,AQA,96,279
629,GC450,Communications and Media Production,254,254,280
630,GC460,Music Production for Games (portfolio),,,
631,GC462,Design Communication (portfolio),,,
632,GC465,Communications,AQA,AQA,349
633,GC466,Film and TV Production,AQA,AQA,339
634,GC470,Photographic Media,169,169,279
635,GC475,Photography,150,150,348
636,GC489,Interior Architecture (portfolio),254,254,301
637,GC490,Interior Design,117,117,360
638,GC494,Fashion Design (portfolio),337,217,412
639,GC495,Fashion,129,129,349
640,GY101,Arts (Joint-Honours),300,300,391
641,GY104,Arts (Psychology),523,519,542
642,GY105,Arts (History),301,301,377
643,GY107,Na Dána (Gaeilge agus Léann an Aistriúcháin),409,409,456
644,GY109,Arts (Mathematics and Education),403,403,466
645,GY110,Arts with Children`s Studies,357,357,418
646,GY111,Arts with Creative Writing,330,330,492
647,GY112,Arts with Film Studies,321,321,399
648,GY113,Arts with Human Rights,368,368,422
649,GY115,Arts with Performing Arts Studies,387,387,443
650,GY118,"Arts (Drama, Theatre and Performance Studies)",451,451,492
651,GY119,Arts (Journalism),400,400,465
652,GY120,"Arts (Child, Youth and Family: Policy and Practice)",350,350,397
653,GY121,Arts (Children`s Studies),356,356,419
654,GY122,Na Dána (Cumarsáid agus Gaeilge),361,361,453
655,GY123,Applied Social Sciences,358,358,410
656,GY124,Arts (Arts with Data Science),454,454,490
657,GY125,Arts (Digital Arts and Technology),328,328,347
658,GY126,Arts (English and Media Studies),391,391,462
659,GY127,Arts (Film and Digital Media),401,401,462
660,GY128,Arts (Global Languages),352,352,476
661,GY129,Arts (International),420,420,462
662,GY130,Arts (Music),408,408,495
663,GY131,Arts (History and Globalisation Studies),360,360,440
664,GY132,"Government (Politics, Economics and Law)",407,407,435
665,GY133,Education (Computer Science and Mathematical Studies),422,422,498
666,GY134,Geography and Geosystems,410,410,445
667,GY201,Commerce,433,433,466
668,GY202,Commerce (International) with French,484,484,511
669,GY203,Commerce (International) with German,489,489,566
670,GY204,Commerce (International) with Spanish,495,495,511
671,GY206,Business Information Systems (Work Placement & Optional Int`l Study),465,465,488
672,GY207,Commerce (Accounting) including optional Global Experience year,509,509,543
673,GY208,Commerce (Gaeilge),473,473,511
674,GY209,Commerce (Global Experience),530,530,554
675,GY250,Law and Business,487,487,510
676,GY251,Law (BCL),499,499,518
677,GY252,Law (BCL) and Human Rights,520,520,541
678,GY253,Law and Taxation,509,509,543
679,GY254,"Law (BCL), Criminology and Criminal Justice",530,530,554
680,GY261,"Business Studies (International Hotel Management, interview)",497,497,611
681,GY262,"Commerce (International Hotel Management, interview)",681,681,724
682,GY301,Science,433,432,487
683,GY303,Biomedical Science,556,556,589
684,GY304,Biotechnology,465,465,498
685,GY308,Environmental Science,408,408,484
686,GY309,Financial Mathematics and Economics,487,487,532
687,GY310,Marine Science,419,419,476
688,GY313,Environmental Health and Safety,412,412,440
689,GY314,Earth and Ocean Sciences,403,403,444
690,GY318,Biopharmaceutical Chemistry,509,509,542
691,GY319,Mathematical Science,476,476,566
692,GY320,"Physics (Degree options: Applied,Astrophysics,Biomedical,Theoretical)",402,402,478
693,GY321,Genetics and Genomics,508,508,532
694,GY350,Computer Science and Information Technology,403,403,454
695,GY401,Engineering (Undenominated),465,465,511
696,GY402,Civil Engineering,455,455,499
697,GY405,Mechanical Engineering,454,454,509
698,GY406,Electronic and Computer Engineering,510,510,544
699,GY408,Biomedical Engineering,509,509,554
700,GY410,Project and Construction Management,403,403,456
701,GY413,Energy Systems Engineering,502,502,531
702,GY414,Electrical and Electronic Engineering,405,405,429
703,GY501,"Medicine (five year/six year course, HPAT required)",728,728,731
704,GY502,Occupational Therapy,555,555,567
705,GY503,Speech and Language Therapy,543,543,554
706,GY504,Podiatric Medicine,443,443,476
707,GY515,General Nursing (Galway and Portiuncula),476,473,496
708,GY516,Mental Health Nursing,440,440,467
709,GY517,Midwifery,495,495,518
710,ID001,Accounting and Finance,203,203,253
711,ID002,Business Studies,294,294,309
712,LC110,"Art and Design (Common Entry, portfolio)",740,740,961
713,LC114,Fashion and Textiles for Product and Costume (portfolio),880,880,1029
714,LC115,Art and Design Teacher Education (portfolio),942,942,1013
715,LC220,Digital Marketing,262,262,298
716,LC221,Accounting and Finance,241,251,489
717,LC222,Marketing and Management,270,270,405
718,LC223,Law and Taxation,307,307,356
719,LC224,Accounting and Finance,300,300,371
720,LC225,Marketing and Management,298,298,358
721,LC226,Enterprise and Innovation,234,234,310
722,LC228,Sports Development and Coaching,205,205,341
723,LC230,Business with Computing,217,217,386
724,LC233,Software Development,272,272,339
725,LC234,Interactive Digital Media,225,225,307
726,LC235,Internet Systems Development,205,205,315
727,LC236,Internet Systems Development,262,260,272
728,LC239,Computer Networks and Systems Management,307,309,371
729,LC241,Construction Management,255,255,338
730,LC242,Property Valuation and Management,282,282,320
731,LC243,Quantity Surveying,294,298,362
732,LC248,Built Environment (Common Entry),288,288,376
733,LC251,Civil Engineering,206,206,377
734,LC252,Civil Engineering Management,270,270,308
735,LC257,Interior Design,264,264,378
736,LC260,Applied Biology,326,326,466
737,LC263,Clinical Technology,294,294,359
738,LC265,Forensic and Pharmaceutical Sciences,413,413,476
739,LC266,Drug and Medicinal Product Analysis,262,262,300
740,LC267,Forensic and Pharmaceutical Sciences,329,329,443
741,LC268,Medical Technology,289,289,411
742,LC270,Music Technology and Production,307,307,398
743,LC271,Electrical Engineering,261,261,348
744,LC275,Electrical Engineering,298,298,384
745,LC276,Creative Broadcast and Film Production,297,297,409
746,LC277,Industrial Automation and Robotic Systems,232,232,342
747,LC278,Renewable and Electrical Energy Engineering,280,280,387
748,LC279,Electronic Engineering,214,226,392
749,LC281,Automobile Technology,208,208,332
750,LC283,Precision Engineering,227,233,296
751,LC284,"Agricultural Mechanisation at Salesian Agricultural College,Pallaskenry",200,200,315
752,LC285,Mechanical Engineering,272,272,455
753,LC286,Road Transport Technology and Management,264,264,360
754,LC288,Mechanical Engineering,347,346,415
755,LC289,Precision Engineering,291,291,350
756,LC290,Community Sport Development,188,188,312
757,LC292,Social Care Work,367,367,389
758,LC293,Business Studies with Travel and Tourism Management,307,307,356
759,LC294,Business Studies with Event Management,279,279,347
760,LC295,Business Studies with Sports Management,252,252,313
761,LC297,Community Development,235,235,298
762,LC320,Business,346,346,388
763,LC330,Business with Computing,297,297,378
764,LC336,Computing,207,222,337
765,LC340,Interior Design,350,350,391
766,LC362,Biotechnology and Biopharmaceutical Sciences,413,413,440
767,LC371,Creative Broadcast and Film Production,309,309,378
768,LC372,Music Technology and Production,325,325,402
769,LC374,Renewable and Electrical Energy Engineering,318,318,410
770,LC375,Industrial Automation and Robotic Systems,317,317,392
771,LC376,Electronic Engineering,318,318,358
772,LC380,Automotive Engineering and Transport Management,303,298,337
773,LC392,Business Studies in Beauty and Spa Management,236,236,328
774,LC393,Early Childhood Education and Care,236,236,307
775,LC398,Culinary Arts,163,163,376
776,LC399,Hospitality Supervision,148,148,300
777,LC401,Early Childhood Education and Care,297,297,298
778,LC402,Social Care Work,225,225,288
779,LC408,Environmental Science and Climate,279,279,348
780,LC414,Data Analytics and Cyber Security,236,236,336
781,LC415,Business,197,197,444
782,LC416,Business,274,274,391
783,LC418,Computing - Games Design and Development,270,270,338
784,LC422,Sports Strength and Conditioning,298,298,347
785,LC423,Sports Strength and Conditioning,157,157,330
786,LC425,Environmental Science,278,278,399
787,LC428,Environmental Science and Agriculture,278,278,429
788,LC432,Early Childhood Education and Care,144,144,367
789,LC434,Environmental Science and Agriculture,297,297,349
790,LC502,Game Art and Design (portfolio),852,852,1024
791,LC504,Creative Media and Design,192,192,378
792,LC517,Creative Media and Design,234,234,327
793,LC518,Digital Animation Production (portfolio),808,808,939
794,LC602,Social Care Work,260,260,370
795,LC603,Early Childhood Education and Care,147,174,327
796,LC605,Business,195,195,418
797,LC612,Social Care Work,320,320,343
798,LC613,Early Childhood Education and Care,242,242,327
799,LM002,Arts,348,348,410
800,LM020,Law and Accounting,465,465,499
801,LM026,Performing Arts (audition required),303,303,401
802,LM028,Criminal Justice,418,418,440
803,LM029,Law Plus,490,490,521
804,LM038,Psychology and Sociology,500,500,507
805,LM039,Journalism and Digital Communication,402,402,455
806,LM040,European Studies,369,369,488
807,LM044,Applied Languages,442,442,499
808,LM050,Business Studies (options),431,431,476
809,LM056,International Business,528,528,555
810,LM058,Financial Mathematics,403,403,521
811,LM063,Technology Management,379,379,419
812,LM068,Food Science and Health,421,421,454
813,LM076,Product Design and Technology (portfolio required),408,408,487
814,LM077,Aeronautical Engineering,520,520,554
815,LM082,Construction Management and Engineering,398,398,434
816,LM089,Sport and Exercise Sciences,474,474,489
817,LM090,Physical Education with concurrent Teacher Education,532,532,565
818,LM091,Languages with concurrent Teacher Education,517,517,543
819,LM092,Science with Teacher Ed (Biology with Physics/Chemistry/Ag Science),507,507,531
820,LM093,Equine Science,339,339,412
821,LM094,Materials and Architectural Technology with concurrent Teacher Education,440,440,478
822,LM095,Materials and Engineering Technology with concurrent Teacher Education,367,367,421
823,LM096,Science with Teacher Ed (Physical Sciences with Chemistry and Physics),405,405,454
824,LM097,Mathematics and Computer Science with concurrent Teacher Education,402,402,509
825,LM099,Architecture (portfolio requirement suspended),498,498,532
826,LM100,Physiotherapy,589,589,601
827,LM101,Medicine  - Graduate Entry (GAMSAT required),55,55,57
828,LM102,Psychology,509,509,529
829,LM103,Paramedic Studies (B/C1/C1 Provisional Drivers Licence),392,392,445
830,LM115,Chemical and Biochemical Engineering,454,454,532
831,LM116,Engineering (Biomedical/Civil/Design and Manufacture/Mechanical),476,476,521
832,LM118,Electronic and Computer Engineering,403,403,489
833,LM121,Computer Science (Computer Systems/Games Dev/Mobile Comm Security),351,351,423
834,LM122,Creative Media and Interaction Design (Digital Design/Music Media Tech),327,327,401
835,LM123,Biological & Chemical Sciences (Biosci/Envir Sci/Ind Bio/IndPharma Chem),441,441,478
836,LM124,Mathematics (Math Science/Maths and Physics/Economics and Maths),437,437,509
837,LM125,Physics (Applied Physics or Mathematics & Physics),404,404,520
838,LM150,General Nursing,475,475,498
839,LM152,Mental Health Nursing,419,419,430
840,LM154,Intellectual Disability Nursing,420,440,473
841,LM156,Midwifery,469,469,499
842,LM180,Equine Science,337,328,440
843,LY107,Business - Common Entry,161,161,358
844,LY108,Business - Accounting,309,309,431
845,LY118,Business,290,290,377
846,LY206,Sports Studies,149,148,299
847,LY207,Law with Criminal Justice,160,160,377
848,LY208,Law,300,300,367
849,LY228,Sports and Exercise - Common Entry,300,300,367
850,LY317,Culinary Arts,229,224,387
851,LY327,Hospitality And Tourism - Common Entry,170,170,317
852,LY408,Design - Common Entry,320,320,381
853,LY427,Digital Film and Video,172,172,307
854,LY437,Animation,198,198,387
855,LY447,Fashion with Promotion,266,266,384
856,LY457,Graphic and Digital Design,179,189,356
857,LY507,Quantity Surveying,181,181,312
858,LY508,Fire Safety Engineering,276,276,326
859,LY518,Quantity Surveying,301,301,368
860,LY527,Civil Engineering,165,163,329
861,LY528,Construction Management,271,271,321
862,LY607,Electronic Engineering,160,160,389
863,LY608,Mechanical Engineering,300,300,379
864,LY617,Mechanical Engineering,180,180,328
865,LY618,Electronic Engineering,312,312,402
866,LY707,Computer Games Development,204,204,299
867,LY708,Applied Computing,306,306,372
868,LY717,Computing,164,160,350
869,LY737,Computer Security and Digital Forensics,169,169,348
870,LY748,Computer Science,317,317,420
871,LY806,Pharmacy Technician,232,232,377
872,LY816,Dental Nursing,233,223,326
873,LY817,Bioscience,248,248,420
874,LY818,Science - Common Entry,303,303,409
875,LY826,Health Science with Physiotherapy Studies,456,339,445
876,LY828,Agriculture - Common Entry,307,307,351
877,LY836,Health Science with Occupational Therapy Studies,473,278,451
878,LY837,Food Science and Nutrition,194,194,388
879,LY846,Health Science with Dietetics Studies,316,291,462
880,LY847,Veterinary Nursing,367,367,399
881,LY867,Pharmaceutical & Medicinal Science,163,163,310
882,LY877,Agriculture,202,181,327
883,LY906,"Early Childhood Care, Health and Education",205,161,356
884,LY908,General Nursing,400,400,423
885,LY916,Health and Social Care,181,181,336
886,LY918,Psychiatric Nursing,357,357,387
887,LY928,Intellectual Disability Nursing,326,328,346
888,LY968,"Early Childhood Care, Health and Education",303,303,361
889,LY978,Health & Social Care - Common Entry,280,280,330
890,MH001,Education - Primary Teaching (Froebel),507,507,531
891,MH002,Education - Primary Teaching - Gaeltacht Applicants (Froebel),,,
892,MH101,Arts,318,318,388
893,MH103,Music,#,#,#
894,MH106,Psychology - 3 years,521,521,529
895,MH107,Social Science,346,346,388
896,MH109,Media Studies,316,316,377
897,MH116,Community and Youth Work (Full-Time),#,#,#
898,MH201,Science,360,360,418
899,MH202,Biotechnology,455,455,466
900,MH203,Biological and Geographical Sciences,430,430,465
901,MH204,Physics with Astrophysics,422,422,479
902,MH206,Theoretical Physics and Mathematics,510,510,533
903,MH207,Data Science,445,445,520
904,MH208,Biological and Biomedical Sciences,498,498,510
905,MH209,Psychology (through Science) - 4 years,498,498,510
906,MH210,Pharmaceutical and Biomedical Chemistry,487,487,520
907,MH212,Science or Maths & Computer Science or Maths & Applied Maths (with Ed),422,422,487
908,MH304,Engineering (Computer/Electronic/Communications),333,333,444
909,MH305,Product Design,357,357,409
910,MH306,Robotics and Intelligent Devices,361,361,433
911,MH401,Finance (options),357,357,398
912,MH402,Quantitative Finance,476,476,509
913,MH403,Accounting and Finance,422,422,468
914,MH404,Business (options),430,430,454
915,MH405,Equine Business,357,357,408
916,MH407,Business and Accounting,420,420,462
917,MH411,Entrepreneurship,371,371,408
918,MH501,LLB Law - four year Single Major Law programme,473,473,495
919,MH502,Law (options),451,451,473
920,MH601,Computer Science through Arts (options),352,352,403
921,MH602,Computer Science through Science (options),351,351,409
922,MH603,Computational Thinking,532,532,544
923,MH801,Early Childhood - Teaching and Learning (part-time),327,327,378
924,MH802,"Community and Youth Work (part-time, in service)",#,#,
925,MH803,"Local Studies/Community Studies (part-time, evening) - Mature Students",#,#,
926,MI001,Contemporary & Applied Theatre Studies,375,390,412
927,MI002,Arts,300,281,389
928,MI004,Education - Primary Teaching - International,577,577,589
929,MI005,Education - Primary Teaching,495,495,521
930,MI006,Education - Primary Teaching - Gaeltacht Applicants,456,462,519
931,MI007,Early Childhood Care and Education,357,357,409
932,MI008,Education and Psychology - Primary Teaching,588,588,601
933,MI009,"Education, Business Studies and Accounting",402,402,455
934,MI010,"Education, Business Studies and Religious Studies",368,368,389
935,MI011,"Education, Gaeilge and Religious Studies",409,409,451
936,MI012,"Education, Gaeilge and Business Studies",401,401,463
937,MI013,"Education, Mathematics and Gaeilge",444,444,477
938,MI014,"Education, Mathematics and Business Studies",434,434,487
939,MU001,Theology and Arts,290,290,349
940,MU002,Theology,440,440,440
941,NC003,Computing (Degree Award options),260,260,303
942,NC005,Human Resource Management,300,300,331
943,NC009,Business,300,300,346
944,NC010,Psychology,400,400,440
945,NC020,Marketing Practice,280,282,338
946,NC022,Accounting and Finance,337,337,378
947,NC023,Technology Management (with specialisations),261,261,282
948,NC102,Computing,220,220,342
949,NC103,Business,250,250,327
950,NC104,Business Computing,243,243,423
951,NM701,Montessori Education,187,187,407
952,NM801,Montessori Education,220,220,290
953,PC402,Arts and Humanities,200,80,368
954,PC404,Applied Social Studies - Professional Social Care,217,175,269
955,PC405,"Social, Political and Community Studies",253,216,311
956,PC410,Arts and Humanities (fulfils Teaching Council requirements),252,209,300
957,PC411,English and History (fulfils Teaching Council requirements),255,209,310
958,RC001,Medicine - Undergraduate Entry (HPAT required),733,733,738
959,RC004,Physiotherapy,566,566,567
960,RC005,Pharmacy,579,578,589
961,RC101,Medicine - Graduate Entry (GAMSAT required),,61,63
962,SG101,Business,160,160,336
963,SG102,Computing (Level 6 - General Entry),254,254,321
964,SG131,Computing - Games Development,280,280,378
965,SG134,Applied Sport with Business,215,215,337
966,SG135,Business in Tourism with Event Management,187,187,338
967,SG136,Computing - Software Development,272,272,328
968,SG137,Computing (Computer Networks and Cloud Infrastructure),324,326,367
969,SG138,Computing (Level 7 - General Entry),260,260,351
970,SG141,Business,261,261,347
971,SG142,Business in International Marketing and Languages (French),279,279,386
972,SG144,Business in International Marketing and Languages (Spanish),270,270,347
973,SG146,Accounting,309,309,411
974,SG147,Sport with Business,307,307,367
975,SG148,Tourism with Event Management,269,269,340
976,SG231,Fine Art,449,449,556
977,SG232,Creative Design,273,276,353
978,SG235,Performing Arts (Theatre Design),319,319,398
979,SG236,Performing Arts (Acting),235,235,400
980,SG241,Performing Arts,328,328,387
981,SG242,Early Childhood Care and Education,279,279,319
982,SG243,Social Care Practice,301,301,346
983,SG244,Fine Art,505,505,505
984,SG245,Creative Design,282,282,339
985,SG246,Computing,290,290,333
986,SG247,English and Psychology,309,309,382
987,SG248,Sociology and Politics,281,281,327
988,SG249,Writing and Literature,297,297,368
989,SG250,Application Design and User Experience,412,412,412
990,SG251,Computing (Smart Technologies),327,342,367
991,SG252,Software Development,307,307,319
992,SG253,Computer Networks and Cloud Infrastructure,324,378,378
993,SG254,Writing and Literature Online,225,225,328
994,SG300,Engineering (General Entry),209,209,296
995,SG302,Construction Economics,184,184,256
996,SG308,Applied Construction Technology,171,171,354
997,SG330,Engineering (General Entry),243,243,399
998,SG331,Interior Architecture and Design,236,236,378
999,SG332,Advanced Wood and Sustainable Building Technology,208,208,338
1000,SG333,Mechanical Engineering,216,216,347
1001,SG334,Mechatronic Engineering,290,290,361
1002,SG336,Precision Engineering and Design,309,309,451
1003,SG338,Civil Engineering,245,245,443
1004,SG339,Quantity Surveying,195,195,337
1005,SG342,Civil Engineering,415,415,480
1006,SG343,Quantity Surveying,311,311,367
1007,SG346,Construction Project Management and Applied Technology,291,291,337
1008,SG347,Architecture,360,360,411
1009,SG348,Interior Architecture and Design,316,331,368
1010,SG401,Science,209,209,288
1011,SG404,Environmental Science with Ecology (Level 6),264,358,377
1012,SG406,Health and Exercise Science,367,367,429
1013,SG431,Pharmaceutical Science with Drug Development,269,269,387
1014,SG433,Occupational Safety and Health,223,223,360
1015,SG434,Human Nutrition,280,280,420
1016,SG435,Health Science and Physiology,289,289,409
1017,SG436,Biomedical Science,262,262,465
1018,SG437,Forensic Investigation and Analysis,243,243,367
1019,SG439,Environmental Science with Ecology (Level 7),254,254,409
1020,SG442,Occupational Safety and Health,290,290,367
1021,SG443,Human Nutrition,356,356,397
1022,SG444,Science Undenominated,338,338,420
1023,SG445,Pharmaceutical Science with Drug Development,311,311,367
1024,SG447,Health Science and Physical Activity,328,328,387
1025,SG448,Forensic Investigation and Analysis,306,307,368
1026,SG449,Medical Biotechnology,341,341,395
1027,SG450,Environmental Science with Ecology (Level 8),300,304,368
1028,SG530,Health and Medical Information Science (Online),285,285,285
1029,SG535,Business Administration,228,228,316
1030,SG536,Business,223,223,379
1031,SG537,Marketing and Sales,234,234,389
1032,TL620,Culinary Arts,189,189,308
1033,TL651,Science (Biological and Environmental Studies),223,233,434
1034,TL652,Pharmacy Technician,260,260,348
1035,TL701,"Animation, Visual Effects and Motion Design (Level 7)",228,228,443
1036,TL702,"TV, Radio and New Media (Level 7)",243,243,462
1037,TL710,Computing with Software Development,232,232,319
1038,TL711,Computing with Games Development,224,224,301
1039,TL715,Computing (Degree Award options),251,251,368
1040,TL716,Computer Systems and Networking,269,269,338
1041,TL731,Business (Major Specialism in: Acctng or Mktg or Mgmnt),219,219,399
1042,TL743,Agricultural Mechanisation,,,
1043,TL744,Agricultural Engineering,243,243,359
1044,TL745,Civil and Environmental Engineering,261,145,355
1045,TL747,Engineering in Mechanical and Manufacturing Engineering,200,200,368
1046,TL748,Agricultural Science,249,249,398
1047,TL755,Pharmaceutical Science (Degree Award options),261,261,433
1048,TL758,Animal Bioscience,251,261,380
1049,TL771,Health and Leisure (Degree Award Options),208,208,370
1050,TL772,Health and Leisure with Massage,218,218,378
1051,TL773,Coaching and Sports Performance,106,106,297
1052,TL780,Early Childhood Care and Education,234,234,354
1053,TL781,Social Care,225,225,318
1054,TL801,"Animation, Visual Effects and Motion Design (Level 8)",281,281,349
1055,TL802,"TV, Radio and New Media (Level 8)",325,325,397
1056,TL810,Computing with Software Development,310,310,389
1057,TL811,Computing with Games Development,358,358,
1058,TL815,Computing (Degree Award options),308,308,360
1059,TL823,Event Management (3 year programme),299,299,369
1060,TL831,Business Studies (Major Specialism in: Acctng or Mktg or Mgmnt),306,306,381
1061,TL844,Agricultural Engineering,300,300,373
1062,TL845,Civil Engineering,325,325,413
1063,TL847,Manufacturing Engineering,302,302,368
1064,TL848,Agricultural Science,308,308,380
1065,TL851,Wildlife Biology (Degree Award options),309,309,383
1066,TL855,Pharmaceutical Science (Degree Award options),317,317,369
1067,TL858,Veterinary Bioscience,308,308,393
1068,TL871,Health and Leisure (Degree Award options),300,300,379
1069,TL872,Health and Leisure with Massage,309,309,408
1070,TL873,Coaching and Sports Performance,289,289,329
1071,TL880,Early Childhood Care and Education,307,307,349
1072,TL881,Social Care,308,309,362
1073,TL889,Counselling with Addiction - Mature applicants only,,,
1074,TL890,General Nursing and Mature Applicants,440,414,441
1075,TL891,Mental Health Nursing and Mature Applicants,389,378,399
1076,TR002,Music,435,382,468
1077,TR003,History,497,456,511
1078,TR004,Law,566,565,578
1079,TR005,Philosophy,442,442,476
1080,TR006,Psychology,567,555,578
1081,TR007,Clinical Speech and Language Studies,529,529,553
1082,TR009,Music Education,420,420,532
1083,TR012,History and Political Science,555,552,578
1084,TR015,"Philosophy, Political Science, Economics and Sociology",589,589,601
1085,TR016,Deaf Studies,340,329,377
1086,TR017,Law and Business,602,602,613
1087,TR018,Law and French,565,565,589
1088,TR019,Law and German,543,542,566
1089,TR020,Law and Political Science,602,601,613
1090,TR021,"Classics, Ancient History and Archaeology",370,370,434
1091,TR022,Early and Modern Irish,398,398,451
1092,TR023,English Studies,487,474,511
1093,TR024,European Studies,544,530,566
1094,TR025,Drama and Theatre Studies,564,530,581
1095,TR028,Ancient and Medieval History and Culture,342,342,453
1096,TR029,Political Science and Geography,526,510,533
1097,TR031,Mathematics,531,531,589
1098,TR032,Engineering,510,508,533
1099,TR033,Computer Science,509,509,545
1100,TR034,Management Science and Information Systems Studies,613,613,625
1101,TR035,Theoretical Physics,543,543,601
1102,TR038,Engineering with Management,532,532,556
1103,TR039,Computer Science and Language,454,424,488
1104,TR040,Middle Eastern and European Languages and Cultures,466,466,521
1105,TR041,Religion,368,368,418
1106,TR042,Film,489,466,498
1107,TR043,History of Art and Architecture,393,354,474
1108,TR051,Medicine (HPAT required),735,734,745
1109,TR052,Dental Science,613,613,625
1110,TR053,Physiotherapy,566,566,567
1111,TR054,Occupational Therapy,533,533,554
1112,TR055,Radiation Therapy,543,543,554
1113,TR056,Human Health and Disease,565,564,578
1114,TR060,Biological and Biomedical Sciences,543,543,566
1115,TR061,Chemical Sciences,517,510,532
1116,TR062,Geography and Geoscience,473,473,499
1117,TR063,Physical Sciences,498,477,531
1118,TR072,Pharmacy,590,590,613
1119,TR080,Global Business,589,589,601
1120,TR081,"Business, Economic and Social Studies (BESS)",543,543,565
1121,TR082,Computer Science and Business,555,555,578
1122,TR083,Sociology and Social Policy,498,478,513
1123,TR084,Social Studies (Social Work),462,462,495
1124,TR085,Business Studies and French,540,521,543
1125,TR086,Business Studies and German,509,499,518
1126,TR087,Business Studies and Russian,474,456,488
1127,TR089,Business Studies and Polish,444,424,468
1128,TR090,Business Studies and Spanish,531,531,542
1129,TR091,General Nursing (Meath and St James`s),429,429,455
1130,TR093,General Nursing (Adelaide School of Nursing),430,414,441
1131,TR095,Mental Health Nursing,408,408,430
1132,TR097,Intellectual Disability Nursing,396,378,398
1133,TR111,Ancient History and Archaeology/Geography,352,352,429
1134,TR112,Ancient History and Archaeology/History,529,529,
1135,TR113,Ancient History and Archaeology/History of Art and Architecture,337,337,477
1136,TR114,Ancient History and Archaeology/Modern Language,337,337,420
1137,TR117,Ancient History and Archaeology/Religion,342,342,368
1138,TR166,Classical Civilisation/English Literature,498,496,523
1139,TR173,Classical Civilisation/History of Art and Architecture,335,335,466
1140,TR177,Classical Civilisation/Modern Language,335,335,536
1141,TR179,Classical Civilisation/Philosophy,499,479,518
1142,TR198,Economics/Geography,534,534,552
1143,TR202,Economics/History,534,534,566
1144,TR207,Economics/Mathematics,566,566,601
1145,TR208,Economics/Modern Language,534,534,578
1146,TR209,Economics/Philosophy,534,534,576
1147,TR212,Economics/Sociology,534,534,541
1148,TR228,Classical Languages/English Literature,498,498,533
1149,TR231,Classical Languages/History of Art and Architecture,349,349,444
1150,TR233,"Classical Languages/Middle Eastern,Jewish and Islamic Civilisations",349,349,566
1151,TR239,Classical Languages/Modern Language,349,349,349
1152,TR262,English Literature/History,529,529,552
1153,TR263,English Literature/History of Art and Architecture,498,497,533
1154,TR269,English Literature/Philosophy,499,495,532
1155,TR272,English Literature/Sociology,498,498,519
1156,TR276,English Literature/Drama Studies,#498,#476,530
1157,TR277,English Literature/Modern Language,498,489,543
1158,TR311,Film/Drama Studies,#521,#521,557
1159,TR312,Film/English Literature,521,521,541
1160,TR320,Film/Music,521,521,555
1161,TR322,Geography/History,529,529,555
1162,TR323,Drama Studies/Modern Language,#473,#473,551
1163,TR324,Film/Modern Language,521,521,544
1164,TR325,Film/History,529,529,625
1165,TR326,Geography/Modern Language,352,352,440
1166,TR332,Geography/Sociology,498,496,520
1167,TR443,History/History of Art and Architecture,529,529,532
1168,TR447,History/Modern Language,529,529,554
1169,TR449,History/Philosophy,529,529,543
1170,TR452,History/Sociology,529,529,534
1171,TR454,History/Religion,529,529,534
1172,TR455,History of Art and Architecture/Modern Language,334,334,454
1173,TR479,History of Art and Architecture/Philosophy,499,485,555
1174,TR547,"Middle Eastern,Jewish and Islamic Civ./Ancient History and Archaeology",337,337,473
1175,TR548,"Middle Eastern,Jewish and Islamic Civilisations/Classical Civilisation",335,335,543
1176,TR554,"Middle Eastern,Jewish and Islamic Civilisations/History",529,529,555
1177,TR563,"Middle Eastern,Jewish and Islamic Civilisations/Modern Language",335,335,451
1178,TR564,"Middle Eastern,Jewish and Islamic Civilisations/Music",,,
1179,TR565,"Middle Eastern,Jewish and Islamic Civilisations/Religion",342,342,
1180,TR597,Mathematics/Modern Language,566,566,625
1181,TR598,Mathematics/Music,566,566,
1182,TR599,Mathematics/Philosophy,566,566,589
1183,TR629,Music/Philosophy,499,499,
1184,TR635,Music/Drama Studies,#473,#473,487
1185,TR636,Music/Modern Language,388,388,455
1186,TR638,Music/Religion,388,388,440
1187,TR639,Philosophy/Modern Language,499,499,613
1188,TR662,Philosophy/Sociology,499,499,531
1189,TR663,Religion/Classical Civilisation,342,342,591
1190,TR664,Religion/English Literature,498,498,565
1191,TR665,Religion/History of Art and Architecture,342,342,452
1192,TR666,Religion/Modern Language,,,
1193,TR667,French/Modern Language,403,403,478
1194,TR668,German/Modern Language,389,389,465
1195,TR669,Irish/Modern Language,368,368,473
1196,TR670,Italian/Modern Language,381,381,466
1197,TR671,Russian/Modern Language,332,332,494
1198,TR672,Spanish/Modern Language,336,336,488
1199,TR755,Sociology/Drama Studies,#498,#498,543
1200,TR756,Sociology/Modern Language,498,495,510
1201,TR801,Dental Nursing,436,367,455
1202,TR802,Dental Hygiene,#543,#498,532
1203,TR803,Dental Technology,#531,#359,456
1204,TR911,Children`s and General Nursing (Integrated),511,499,521
1205,TR913,Midwifery,478,473,508
1206,TU601,Electronic Engineering,232,230,326
1207,TU602,Computer Engineering,223,223,330
1208,TU603,Mechanical Engineering,197,197,299
1209,TU641,Bar and Restaurant Management,223,223,356
1210,TU642,Culinary Arts,153,153,244
1211,TU643,Culinary Arts (Professional Cookery Practice),236,236,383
1212,TU644,Food Management and Entrepreneurship,223,223,456
1213,TU645,Food Science and Management,241,243,390
1214,TU651,Applied Biology,205,196,359
1215,TU652,Computing,194,194,265
1216,TU653,Computing (Information Technology),245,245,357
1217,TU654,Pharmacy Technician Studies,321,321,420
1218,TU655,Computing (Networking Technologies) Learn and Work,410,335,459
1219,TU671,Business,226,228,403
1220,TU672,Business (Common entry),180,179,274
1221,TU673,Business Management,300,300,451
1222,TU674,Business Studies,300,306,451
1223,TU675,Marketing,301,301,412
1224,TU676,Retail Management and Marketing,290,290,377
1225,TU701,Automation Engineering,260,261,368
1226,TU702,Biomedical Design,232,232,351
1227,TU703,Building Engineering,260,260,359
1228,TU704,Civil Engineering,262,262,361
1229,TU705,Electrical and Control Engineering,243,243,339
1230,TU706,Electrical Services Engineering,244,244,307
1231,TU707,Electronic Engineering,224,224,361
1232,TU708,Engineering (Common Entry with Award options),225,225,360
1233,TU709,Engineering (General Entry),370,370,487
1234,TU710,Engineering Reliability Management,244,244,305
1235,TU711,Mechatronic Engineering,223,223,372
1236,TU712,Sustainable Energy and Environmental Engineering,180,180,332
1237,TU713,Computer Engineering,221,221,322
1238,TU714,Electronics and Communications Engineering,264,264,392
1239,TU715,Engineering Software,181,181,391
1240,TU716,Networking Technology,241,241,386
1241,TU717,Mechanical Engineering,300,300,367
1242,TU718,Mechanical Engineering,198,198,338
1243,TU719,"Design,Technology and Innovation",228,228,363
1244,TU720,Automotive Management and Technology,232,232,338
1245,TU721,Aviation Technology,350,352,434
1246,TU722,Process Instrumentation and Automation Learn and Work,292,401,499
1247,TU731,"Auctioneering, Valuation and Estate Agency",290,290,372
1248,TU732,Timber Product Technology,253,198,372
1249,TU735,Sports Management and Coaching,270,270,347
1250,TU736,Sports Science and Health,410,391,455
1251,TU741,Baking and Pastry Arts Management,234,238,412
1252,TU742,Culinary Arts,155,155,319
1253,TU745,Hospitality Management,245,245,357
1254,TU746,International Hospitality and Tourism Management,170,170,313
1255,TU747,Tourism Management,242,242,369
1256,TU751,Biosciences,407,407,509
1257,TU752,DNA and Forensic Analysis,390,390,465
1258,TU754,Industrial and Environmental Physics,270,270,487
1259,TU755,Science (General Entry),361,361,498
1260,TU756,Computing,200,195,357
1261,TU757,Computing (Information Technology),225,225,352
1262,TU758,Digital Forensics and Cyber Security,220,220,337
1263,TU759,Information Technology Management,211,211,330
1264,TU760,Bioanalysis,204,204,327
1265,TU761,Ophthalmic Dispensing,302,319,434
1266,TU762,Medicinal Chemistry and Pharmaceutical Sciences,364,364,510
1267,TU763,Pharmaceutical Science,382,349,429
1268,TU771,Business,224,224,392
1269,TU772,Business (Common Entry with Award options),AQA,AQA,317
1270,TU774,Management,195,195,327
1271,TU775,Accounting and Finance,260,260,465
1272,TU776,Accounting and Finance,182,175,337
1273,TU777,Business and Information Technology,244,244,352
1274,TU778,International Business,224,226,423
1275,TU779,International Business,180,180,368
1276,TU780,Advertising and Marketing Communications,179,179,366
1277,TU781,Digital Marketing,220,220,326
1278,TU782,Digital Marketing,179,179,287
1279,TU783,Marketing,189,189,360
1280,TU791,Applied Social Studies in Social Care,320,320,378
1281,TU792,Community and Youth Development,101,101,288
1282,TU793,Early Childhood Care and Education,220,220,386
1283,TU794,Early Childhood Care and Education,390,230,376
1284,TU795,Visual Merchandising and Display,481,481,763
1285,TU796,Creative Digital Media,225,225,383
1286,TU801,Biomedical Design,235,235,381
1287,TU802,Electrical Services and Energy Management,317,300,352
1288,TU803,Electronic Engineering,243,243,337
1289,TU804,Engineering (Common Entry with Award options),271,271,338
1290,TU805,Engineering (General Entry),402,402,466
1291,TU806,Sustainable Energy Engineering,262,262,318
1292,TU807,Computer Engineering in Mobile Systems,276,276,305
1293,TU808,Engineering Software,260,260,339
1294,TU809,Mechanical Engineering,235,235,347
1295,TU810,Mechatronic Engineering,270,271,312
1296,TU811,Product Design,411,411,444
1297,TU812,"Design,Technology and Innovation",270,270,350
1298,TU813,Automation Engineering,218,218,339
1299,TU814,Transport Operations and Technology,285,251,372
1300,TU831,Architectural Technology,410,410,444
1301,TU832,Architecture (Suitability Test and Interview),622,622,658
1302,TU833,Construction Management,367,367,404
1303,TU834,Geographic Science,288,288,357
1304,TU835,Planning and Environmental Management,313,313,349
1305,TU836,Property Economics (Valuation Surveying),401,401,433
1306,TU837,Quantity Surveying and Construction Economics,385,385,418
1307,TU851,Analytical Chemistry (Environmental Forensic and Pharmaceutical),349,349,419
1308,TU852,Chemical Sciences with Medicinal Chemistry,476,476,498
1309,TU854,Science (General Entry),476,476,495
1310,TU855,Science with Nanotechnology,331,319,368
1311,TU856,Computer Science,476,476,487
1312,TU857,Computer Science (Infrastructure),391,391,419
1313,TU858,Computer Science (International),377,377,424
1314,TU859,Computing,217,217,308
1315,TU860,Computing (Information Technology),260,260,329
1316,TU861,Computing with Language (French/German/Spanish),308,308,348
1317,TU862,Computing with Data Analytics,226,226,288
1318,TU863,Digital Forensics and Cyber Security,280,280,338
1319,TU864,DNA and Forensic Analysis,400,390,429
1320,TU865,Computing with IT Management,226,226,331
1321,TU866,Biomedical and Molecular Diagnostics,487,487,498
1322,TU867,Biomedical Science,524,524,542
1323,TU868,Clinical Measurement Science,510,510,520
1324,TU869,Environmental Health,336,336,375
1325,TU870,Human Nutrition and Dietetics,578,578,589
1326,TU871,Optometry,509,509,530
1327,TU872,Public Health Nutrition,491,491,512
1328,TU873,Industrial Mathematics,250,250,392
1329,TU874,Mathematical Sciences,341,343,407
1330,TU875,Pharmaceutical Healthcare,400,400,440
1331,TU876,Pharmaceutical Science,377,349,391
1332,TU877,Physics Technology,308,308,373
1333,TU878,Physics with Energy and Environment,337,331,444
1334,TU879,Physics with Medical Physics and Bioengineering,351,351,403
1335,TU880,Physics with Data Science,578,,
1336,TU881,Food Innovation,318,318,389
1337,TU882,Nutraceuticals in Health and Nutrition,397,397,442
1338,TU901,Business,270,270,307
1339,TU902,Business (Common Entry with Award options),271,271,359
1340,TU903,Business and Management,463,463,485
1341,TU904,Business and Law,462,462,487
1342,TU905,Economics and Finance,465,465,488
1343,TU906,Human Resource Management,395,395,414
1344,TU907,Logistics and Supply Chain Management,300,300,387
1345,TU908,Management,262,253,337
1346,TU909,Accounting and Finance,285,285,326
1347,TU910,Accounting and Finance,444,444,466
1348,TU911,Accounting and Finance,209,192,319
1349,TU912,Business Analytics,330,330,366
1350,TU913,Business and Information Technology,252,252,299
1351,TU914,Business Computing,324,324,366
1352,TU915,International Business,252,252,302
1353,TU916,International Business,235,235,337
1354,TU917,Law (LLB ) with a Language,342,342,433
1355,TU918,Law (LLB),451,451,478
1356,TU919,Advertising and Marketing Communications,228,226,311
1357,TU920,Digital Marketing,270,270,318
1358,TU921,Digital Marketing Technologies,212,234,300
1359,TU922,Marketing,418,418,443
1360,TU923,Marketing Management,228,228,318
1361,TU924,E-Commerce in Retailing,307,307,380
1362,TU925,Retail and Services Management,301,301,362
1363,TU935,Sports Management and Coaching,300,300,347
1364,TU936,Sports Science and Health,410,391,419
1365,TU941,Botanical Cuisine,249,249,257
1366,TU942,Culinary Arts,212,212,340
1367,TU943,Culinary Entrepreneurship,278,279,357
1368,TU944,Culinary Science,316,316,379
1369,TU951,International Hospitality and Tourism Management,184,200,298
1370,TU952,International Hospitality Management,300,306,368
1371,TU953,Tourism and Digital Marketing,290,290,359
1372,TU954,Event Management,356,356,404
1373,TU955,Sports & Leisure Management,217,217,347
1374,TU961,Commercial Modern Music,608,608,848
1375,TU962,Drama (Performance),379,379,500
1376,TU963,Music,416,416,535
1377,TU965,International Business and Languages,356,346,413
1378,TU966,Languages and English Studies,366,434,466
1379,TU967,Languages and International Tourism,308,326,388
1380,TU971,Contemporary Visual Culture,290,290,320
1381,TU972,Creative and Cultural Industries,281,281,369
1382,TU973,Design - Visual Communication,717,717,865
1383,TU974,Fine Art,709,563,826
1384,TU975,Interior Design,632,632,879
1385,TU976,Photography,695,695,926
1386,TU981,Creative Digital Media,280,282,318
1387,TU982,Creative Digital Media,320,311,352
1388,TU983,Film and Broadcasting,456,451,484
1389,TU984,Game Design,381,381,419
1390,TU985,Journalism,322,322,377
1391,TU986,Print Media Technology and Management,289,289,300
1392,TU991,Applied Social Studies in Social Care,325,325,352
1393,TU992,Community and Youth Development,251,253,297
1394,TU993,Early Childhood Care and Education,270,270,311
1395,TU994,Early Childhood Care and Education,321,230,304
1396,TU995,Early Childhood Education,367,367,409
1397,TU996,Social Care,400,400,419
1398,TU997,Applied Social Care,310,270,318
1399,WD001,Applied Computing (options),260,260,413
1400,WD002,Science (options),308,308,388
1401,WD003,Business,AQA,AQA,372
1402,WD005,Health Sciences (options),280,280,338
1403,WD006,Exercise Sciences (options),280,280,359
1404,WD007,Engineering (options),288,288,409
1405,WD010,Electronic Engineering,181,181,318
1406,WD011,Mechanical Engineering,198,198,341
1407,WD013,Legal Studies,177,177,367
1408,WD018,Applied Social Care,171,171,293
1409,WD019,Recreation and Sport Management,174,174,309
1410,WD025,Construction Management and Engineering,269,269,341
1411,WD027,Music,262,262,409
1412,WD048,Business (options),271,271,371
1413,WD076,Forestry,243,243,326
1414,WD084,Accounting,308,308,411
1415,WD091,Hospitality Management,228,228,310
1416,WD094,Architectural Technology,166,150,351
1417,WD096,Horticulture (Waterford - Kildalton),260,260,389
1418,WD097,Horticulture (Dublin - National Botanic Gardens),AQA,AQA,408
1419,WD116,General Nursing,422,422,451
1420,WD117,Psychiatric Nursing,366,366,388
1421,WD120,Intellectual Disability Nursing,377,377,388
1422,WD126,Agriculture,327,327,430
1423,WD134,International Business,290,290,362
1424,WD137,Design (Visual Communications),271,271,351
1425,WD139,Civil Engineering,206,206,379
1426,WD140,Laws,280,280,367
1427,WD144,Architecture,284,284,359
1428,WD147,Pharmaceutical Science,293,293,390
1429,WD149,Early Childhood Studies,271,271,368
1430,WD150,Criminal Justice Studies,270,270,331
1431,WD151,Software Systems Development,AQA,AQA,356
1432,WD152,Visual Art,AQA,AQA,317
1433,WD153,Multimedia Applications Development,163,163,353
1434,WD155,Information Technology,211,211,338
1435,WD159,Business,195,195,388
1436,WD161,Computer Forensics and Security,255,255,380
1437,WD162,Quantity Surveying,216,216,306
1438,WD163,Psychology,434,434,473
1439,WD164,Food Science with Business,309,309,440
1440,WD172,Culinary Arts,AQA,AQA,301
1441,WD173,Hospitality Studies,AQA,AQA,310
1442,WD174,Tourism,AQA,AQA,226
1443,WD175,Pharmaceutical Science,226,226,392
1444,WD177,"Science (Mol. Biology with Biopharm.,Food Science with Business,Pharm.)",222,222,473
1445,WD182,Electrical Engineering,AQA,AQA,302
1446,WD184,Retail Management,163,163,346
1447,WD186,Sports Coaching and Performance,270,270,344
1448,WD187,Social Science,272,272,348
1449,WD188,Applied Health Care,201,201,349
1450,WD191,Agricultural Science,377,377,420
1451,WD192,Social Care Practice,270,270,326
1452,WD193,Marketing and Digital Media,271,271,347
1453,WD194,Culinary Arts,217,217,321
1454,WD195,Architectural and Building Information Modelling Technology,279,279,367
1455,WD200,Arts (options),AQA,AQA,336
1456,WD205,Molecular Biology with Biopharmaceutical Science,228,228,446
1457,WD206,Electronic Engineering,179,179,373
1458,WD207,Mechanical Engineering,198,198,365
1459,WD208,Manufacturing Engineering,188,188,339
1460,WD210,Software Systems Development,279,279,337
1461,WD211,Creative Computing,271,271,318
1462,WD212,Recreation and Sport Management,270,270,349
1463,WD230,Mechanical and Manufacturing Engineering,253,253,369
